INOUT_NO,INOUT_KEY,INOUT_DATE,PART_CODE,VENDOR_CODE,QTY,AMT
98000001,I,1998-01-05,ERASE-16,10,150,38550000
98000001,O,1998-01-08,ERASE-16,,100,25700000
98000002,I,1998-01-05,LGC-20,2,150,7500000
98000002,O,1998-01-08,LGC-20,,100,5000000
98000003,I,1998-01-05,MS-6116,5,150,24450000
98000003,O,1998-01-08,MS-6116,,100,16300000
98000004,I,1998-01-05,P2-350,4,150,33450000
98000004,O,1998-01-08,P2-350,,100,22300000
98000005,I,1998-01-05,SAM-32M,1,300,10800000
98000005,O,1998-01-08,SAM-32M,,200,7200000
98000006,I,1998-01-05,SIC-621,9,150,8550000
98000006,O,1998-01-08,SIC-621,,100,5700000
98000007,I,1998-01-05,SV0322A,1,150,17700000
98000007,O,1998-01-08,SV0322A,,100,11800000
98000008,I,1998-01-05,TY-FDD,3,150,3000000
98000008,O,1998-01-08,TY-FDD,,100,2000000
98000009,I,1998-01-05,KK-UO77,3,150,2250000
98000009,O,1998-01-08,KK-UO77,,100,1500000
98000010,I,1998-01-05,MO-K77,3,150,4500000
98000010,O,1998-01-08,MO-K77,,100,3000000
98000011,I,1998-01-05,SM-15,1,150,30000000
98000011,O,1998-01-08,SM-15,,100,20000000
98000012,I,1998-01-12,ERASE-16,10,200,51400000
98000012,O,1998-01-16,ERASE-16,,200,51400000
98000013,I,1998-01-12,LGC-20,2,200,10000000
98000013,O,1998-01-16,LGC-20,,200,10000000
98000014,I,1998-01-12,MS-6116,5,200,32600000
98000014,O,1998-01-16,MS-6116,,200,32600000
98000015,I,1998-01-12,SB-PCI64,11,200,11400000
98000015,O,1998-01-16,SB-PCI64,,200,11400000
98000016,I,1998-01-12,WING-56K1,7,200,8600000
98000016,O,1998-01-16,WING-56K1,,200,8600000
98000017,I,1998-01-12,P2-400,4,200,47600000
98000017,O,1998-01-16,P2-400,,200,47600000
98000018,I,1998-01-12,SAM-32M,1,400,14400000
98000018,O,1998-01-16,SAM-32M,,400,14400000
98000019,I,1998-01-12,SIC-621,9,200,11400000
98000019,O,1998-01-16,SIC-621,,200,11400000
98000020,I,1998-01-12,SV0322A,1,200,23600000
98000020,O,1998-01-16,SV0322A,,200,23600000
98000021,I,1998-01-12,TY-FDD,3,200,4000000
98000021,O,1998-01-16,TY-FDD,,200,4000000
98000022,I,1998-01-12,HPP-692K,6,200,37000000
98000022,O,1998-01-16,HPP-692K,,200,37000000
98000023,I,1998-01-12,KK-UO77,3,200,3000000
98000023,O,1998-01-16,KK-UO77,,200,3000000
98000024,I,1998-01-12,MO-K77,3,200,6000000
98000024,O,1998-01-16,MO-K77,,200,6000000
98000025,I,1998-01-12,SM-15,1,200,40000000
98000025,O,1998-01-16,SM-15,,200,40000000
98000026,I,1998-01-23,ERASE-16,10,150,38550000
98000026,O,1998-02-05,ERASE-16,,150,38550000
98000027,I,1998-01-23,LGC-20,2,150,7500000
98000027,O,1998-02-05,LGC-20,,150,7500000
98000028,I,1998-01-23,MS-6116,5,150,24450000
98000028,O,1998-02-05,MS-6116,,150,24450000
98000029,I,1998-01-23,SB-PCI64,11,150,8550000
98000029,O,1998-02-05,SB-PCI64,,150,8550000
98000030,I,1998-01-23,WING-56K1,7,150,6450000
98000030,O,1998-02-05,WING-56K1,,150,6450000
98000031,I,1998-01-23,P2-400,4,150,35700000
98000031,O,1998-02-05,P2-400,,150,35700000
98000032,I,1998-01-23,SAM-32M,1,300,10800000
98000032,O,1998-02-05,SAM-32M,,300,10800000
98000033,I,1998-01-23,SIC-621,9,150,8550000
98000033,O,1998-02-05,SIC-621,,150,8550000
98000034,I,1998-01-23,SV0322A,1,150,17700000
98000034,O,1998-02-05,SV0322A,,150,17700000
98000035,I,1998-01-23,TY-FDD,3,150,3000000
98000035,O,1998-02-05,TY-FDD,,150,3000000
98000036,I,1998-01-23,HPP-692K,6,150,27750000
98000036,O,1998-02-05,HPP-692K,,150,27750000
98000037,I,1998-01-23,KK-UO77,3,150,2250000
98000037,O,1998-02-05,KK-UO77,,150,2250000
98000038,I,1998-01-23,MO-K77,3,150,4500000
98000038,O,1998-02-05,MO-K77,,150,4500000
98000039,I,1998-01-23,SM-15,1,150,30000000
98000039,O,1998-02-05,SM-15,,150,30000000
98000040,I,1998-03-02,ERASE-16,10,100,25700000
98000040,O,1998-03-12,ERASE-16,,90,23130000
98000041,I,1998-03-02,LGC-20,2,100,5000000
98000041,O,1998-03-12,LGC-20,,90,4500000
98000042,I,1998-03-02,MS-6116,5,100,16300000
98000042,O,1998-03-12,MS-6116,,90,14670000
98000043,I,1998-03-02,SB-PCI64,11,100,5700000
98000043,O,1998-03-12,SB-PCI64,,90,5130000
98000044,I,1998-03-02,WING-56K1,7,100,4300000
98000044,O,1998-03-12,WING-56K1,,90,3870000
98000045,I,1998-03-02,P2-400,4,100,23800000
98000045,O,1998-03-12,P2-400,,90,21420000
98000046,I,1998-03-02,SAM-32M,1,200,7200000
98000046,O,1998-03-12,SAM-32M,,180,6480000
98000047,I,1998-03-02,SIC-621,9,100,5700000
98000047,O,1998-03-12,SIC-621,,90,5130000
98000048,I,1998-03-02,SV0322A,1,100,11800000
98000048,O,1998-03-12,SV0322A,,90,10620000
98000049,I,1998-03-02,TY-FDD,3,100,2000000
98000049,O,1998-03-12,TY-FDD,,90,1800000
98000050,I,1998-03-02,HPP-692K,6,100,18500000
98000050,O,1998-03-12,HPP-692K,,90,16650000
98000051,I,1998-03-02,KK-UO77,3,100,1500000
98000051,O,1998-03-12,KK-UO77,,90,1350000
98000052,I,1998-03-02,MO-K77,3,100,3000000
98000052,O,1998-03-12,MO-K77,,90,2700000
98000053,I,1998-03-02,SM-15,1,100,20000000
98000053,O,1998-03-12,SM-15,,90,18000000
98000054,I,1998-03-18,ERASE-16,10,30,7710000
98000054,O,1998-04-03,ERASE-16,,50,12850000
98000055,I,1998-03-18,LGC-20,2,30,1500000
98000055,O,1998-04-03,LGC-20,,50,2500000
98000056,I,1998-03-18,MS-6116,5,30,4890000
98000056,O,1998-04-03,MS-6116,,50,8150000
98000057,I,1998-03-18,P2-350,4,30,6690000
98000057,O,1998-04-03,P2-350,,50,11150000
98000058,I,1998-03-18,SAM-32M,1,60,2160000
98000058,O,1998-04-03,SAM-32M,,100,3600000
98000059,I,1998-03-18,SIC-621,9,30,1710000
98000059,O,1998-04-03,SIC-621,,50,2850000
98000060,I,1998-03-18,SV0322A,1,30,3540000
98000060,O,1998-04-03,SV0322A,,50,5900000
98000061,I,1998-03-18,TY-FDD,3,30,600000
98000061,O,1998-04-03,TY-FDD,,50,1000000
98000062,I,1998-03-18,KK-UO77,3,30,450000
98000062,O,1998-04-03,KK-UO77,,50,750000
98000063,I,1998-03-18,MO-K77,3,30,900000
98000063,O,1998-04-03,MO-K77,,50,1500000
98000064,I,1998-03-18,SM-15,1,30,6000000
98000064,O,1998-04-03,SM-15,,50,10000000
98000065,I,1998-03-27,ERASE-16,10,120,30840000
98000065,O,1998-04-08,ERASE-16,,100,25700000
98000066,I,1998-03-27,LGC-20,2,120,6000000
98000066,O,1998-04-08,LGC-20,,100,5000000
98000067,I,1998-03-27,MS-6116,5,120,19560000
98000067,O,1998-04-08,MS-6116,,100,16300000
98000068,I,1998-03-27,SB-PCI64,11,120,6840000
98000068,O,1998-04-08,SB-PCI64,,100,5700000
98000069,I,1998-03-27,WING-56K1,7,120,5160000
98000069,O,1998-04-08,WING-56K1,,100,4300000
98000070,I,1998-03-27,P2-400,4,120,28560000
98000070,O,1998-04-08,P2-400,,100,23800000
98000071,I,1998-03-27,SAM-32M,1,240,8640000
98000071,O,1998-04-08,SAM-32M,,200,7200000
98000072,I,1998-03-27,SIC-621,9,120,6840000
98000072,O,1998-04-08,SIC-621,,100,5700000
98000073,I,1998-03-27,SV0322A,1,120,14160000
98000073,O,1998-04-08,SV0322A,,100,11800000
98000074,I,1998-03-27,TY-FDD,3,120,2400000
98000074,O,1998-04-08,TY-FDD,,100,2000000
98000075,I,1998-03-27,HPP-692K,6,120,22200000
98000075,O,1998-04-08,HPP-692K,,100,18500000
98000076,I,1998-03-27,KK-UO77,3,120,1800000
98000076,O,1998-04-08,KK-UO77,,100,1500000
98000077,I,1998-03-27,MO-K77,3,120,3600000
98000077,O,1998-04-08,MO-K77,,100,3000000
98000078,I,1998-03-27,SM-15,1,120,24000000
98000078,O,1998-04-08,SM-15,,100,20000000
98000079,I,1998-04-02,ERASE-32,10,150,41100000
98000079,O,1998-04-15,ERASE-32,,100,27400000
98000080,I,1998-04-02,LGC-20,2,150,7500000
98000080,O,1998-04-15,LGC-20,,100,5000000
98000081,I,1998-04-02,MS-6116,5,150,24450000
98000081,O,1998-04-15,MS-6116,,100,16300000
98000082,I,1998-04-02,P3-450,4,150,52050000
98000082,O,1998-04-15,P3-450,,100,34700000
98000083,I,1998-04-02,SAM-64M,1,300,25800000
98000083,O,1998-04-15,SAM-64M,,200,17200000
98000084,I,1998-04-02,SIC-630,9,150,9000000
98000084,O,1998-04-15,SIC-630,,100,6000000
98000085,I,1998-04-02,SV0322A,1,150,17700000
98000085,O,1998-04-15,SV0322A,,100,11800000
98000086,I,1998-04-02,TY-FDD,3,150,3000000
98000086,O,1998-04-15,TY-FDD,,100,2000000
98000087,I,1998-04-02,KK-UO77,3,150,2250000
98000087,O,1998-04-15,KK-UO77,,100,1500000
98000088,I,1998-04-02,MO-K77,3,150,4500000
98000088,O,1998-04-15,MO-K77,,100,3000000
98000089,I,1998-04-02,SM-17,1,150,102000000
98000089,O,1998-04-15,SM-17,,100,68000000
98000090,I,1998-04-16,ERASE-16,10,50,12850000
98000090,O,1998-05-06,ERASE-16,,50,12850000
98000091,I,1998-04-16,LGC-20,2,50,2500000
98000091,O,1998-05-06,LGC-20,,50,2500000
98000092,I,1998-04-16,MS-6116,5,50,8150000
98000092,O,1998-05-06,MS-6116,,50,8150000
98000093,I,1998-04-16,P2-350,4,50,11150000
98000093,O,1998-05-06,P2-350,,50,11150000
98000094,I,1998-04-16,SAM-32M,1,100,3600000
98000094,O,1998-05-06,SAM-32M,,100,3600000
98000095,I,1998-04-16,SIC-621,9,50,2850000
98000095,O,1998-05-06,SIC-621,,50,2850000
98000096,I,1998-04-16,SV0322A,1,50,5900000
98000096,O,1998-05-06,SV0322A,,50,5900000
98000097,I,1998-04-16,TY-FDD,3,50,1000000
98000097,O,1998-05-06,TY-FDD,,50,1000000
98000098,I,1998-04-16,KK-UO77,3,50,750000
98000098,O,1998-05-06,KK-UO77,,50,750000
98000099,I,1998-04-16,MO-K77,3,50,1500000
98000099,O,1998-05-06,MO-K77,,50,1500000
98000100,I,1998-04-16,SM-15,1,50,10000000
98000100,O,1998-05-06,SM-15,,50,10000000
98000101,I,1998-05-01,ERASE-16,10,70,17990000
98000101,O,1998-05-15,ERASE-16,,80,20560000
98000102,I,1998-05-01,LGC-20,2,70,3500000
98000102,O,1998-05-15,LGC-20,,80,4000000
98000103,I,1998-05-01,MS-6116,5,70,11410000
98000103,O,1998-05-15,MS-6116,,80,13040000
98000104,I,1998-05-01,SB-PCI64,11,70,3990000
98000104,O,1998-05-15,SB-PCI64,,80,4560000
98000105,I,1998-05-01,WING-56K1,7,70,3010000
98000105,O,1998-05-15,WING-56K1,,80,3440000
98000106,I,1998-05-01,P2-400,4,70,16660000
98000106,O,1998-05-15,P2-400,,80,19040000
98000107,I,1998-05-01,SAM-32M,1,140,5040000
98000107,O,1998-05-15,SAM-32M,,160,5760000
98000108,I,1998-05-01,SIC-621,9,70,3990000
98000108,O,1998-05-15,SIC-621,,80,4560000
98000109,I,1998-05-01,SV0322A,1,70,8260000
98000109,O,1998-05-15,SV0322A,,80,9440000
98000110,I,1998-05-01,TY-FDD,3,70,1400000
98000110,O,1998-05-15,TY-FDD,,80,1600000
98000111,I,1998-05-01,HPP-692K,6,70,12950000
98000111,O,1998-05-15,HPP-692K,,80,14800000
98000112,I,1998-05-01,KK-UO77,3,70,1050000
98000112,O,1998-05-15,KK-UO77,,80,1200000
98000113,I,1998-05-01,MO-K77,3,70,2100000
98000113,O,1998-05-15,MO-K77,,80,2400000
98000114,I,1998-05-01,SM-15,1,70,14000000
98000114,O,1998-05-15,SM-15,,80,16000000
98000115,I,1998-05-11,ERASE-32,10,100,27400000
98000115,O,1998-05-18,ERASE-32,,100,27400000
98000116,I,1998-05-11,LGC-20,2,100,5000000
98000116,O,1998-05-18,LGC-20,,100,5000000
98000117,I,1998-05-11,MS-6116,5,100,16300000
98000117,O,1998-05-18,MS-6116,,100,16300000
98000118,I,1998-05-11,P3-450,4,100,34700000
98000118,O,1998-05-18,P3-450,,100,34700000
98000119,I,1998-05-11,SAM-64M,1,200,17200000
98000119,O,1998-05-18,SAM-64M,,200,17200000
98000120,I,1998-05-11,SIC-630,9,100,6000000
98000120,O,1998-05-18,SIC-630,,100,6000000
98000121,I,1998-05-11,SV0322A,1,100,11800000
98000121,O,1998-05-18,SV0322A,,100,11800000
98000122,I,1998-05-11,TY-FDD,3,100,2000000
98000122,O,1998-05-18,TY-FDD,,100,2000000
98000123,I,1998-05-11,KK-UO77,3,100,1500000
98000123,O,1998-05-18,KK-UO77,,100,1500000
98000124,I,1998-05-11,MO-K77,3,100,3000000
98000124,O,1998-05-18,MO-K77,,100,3000000
98000125,I,1998-05-11,SM-17,1,100,68000000
98000125,O,1998-05-18,SM-17,,100,68000000
98000126,I,1998-06-03,ERASE-16,10,80,20560000
98000126,O,1998-06-12,ERASE-16,,80,20560000
98000127,I,1998-06-03,LGC-20,2,80,4000000
98000127,O,1998-06-12,LGC-20,,80,4000000
98000128,I,1998-06-03,MS-6116,5,80,13040000
98000128,O,1998-06-12,MS-6116,,80,13040000
98000129,I,1998-06-03,SB-PCI64,11,80,4560000
98000129,O,1998-06-12,SB-PCI64,,80,4560000
98000130,I,1998-06-03,WING-56K1,7,80,3440000
98000130,O,1998-06-12,WING-56K1,,80,3440000
98000131,I,1998-06-03,P2-400,4,80,19040000
98000131,O,1998-06-12,P2-400,,80,19040000
98000132,I,1998-06-03,SAM-32M,1,160,5760000
98000132,O,1998-06-12,SAM-32M,,160,5760000
98000133,I,1998-06-03,SIC-621,9,80,4560000
98000133,O,1998-06-12,SIC-621,,80,4560000
98000134,I,1998-06-03,SV0322A,1,80,9440000
98000134,O,1998-06-12,SV0322A,,80,9440000
98000135,I,1998-06-03,TY-FDD,3,80,1600000
98000135,O,1998-06-12,TY-FDD,,80,1600000
98000136,I,1998-06-03,HPP-692K,6,80,14800000
98000136,O,1998-06-12,HPP-692K,,80,14800000
98000137,I,1998-06-03,KK-UO77,3,80,1200000
98000137,O,1998-06-12,KK-UO77,,80,1200000
98000138,I,1998-06-03,MO-K77,3,80,2400000
98000138,O,1998-06-12,MO-K77,,80,2400000
98000139,I,1998-06-03,SM-15,1,80,16000000
98000139,O,1998-06-12,SM-15,,80,16000000
98000140,I,1998-06-08,ERASE-32,10,80,21920000
98000140,O,1998-06-19,ERASE-32,,100,27400000
98000141,I,1998-06-08,LGC-20,2,80,4000000
98000141,O,1998-06-19,LGC-20,,100,5000000
98000142,I,1998-06-08,MS-6116,5,80,13040000
98000142,O,1998-06-19,MS-6116,,100,16300000
98000143,I,1998-06-08,P3-450,4,80,27760000
98000143,O,1998-06-19,P3-450,,100,34700000
98000144,I,1998-06-08,SAM-64M,1,160,13760000
98000144,O,1998-06-19,SAM-64M,,200,17200000
98000145,I,1998-06-08,SIC-630,9,80,4800000
98000145,O,1998-06-19,SIC-630,,100,6000000
98000146,I,1998-06-08,SV0322A,1,80,9440000
98000146,O,1998-06-19,SV0322A,,100,11800000
98000147,I,1998-06-08,TY-FDD,3,80,1600000
98000147,O,1998-06-19,TY-FDD,,100,2000000
98000148,I,1998-06-08,KK-UO77,3,80,1200000
98000148,O,1998-06-19,KK-UO77,,100,1500000
98000149,I,1998-06-08,MO-K77,3,80,2400000
98000149,O,1998-06-19,MO-K77,,100,3000000
98000150,I,1998-06-08,SM-17,1,80,54400000
98000150,O,1998-06-19,SM-17,,100,68000000
98000151,I,1998-06-23,ERASE-16,10,20,5140000
98000151,O,1998-07-08,ERASE-16,,40,10280000
98000152,I,1998-06-23,LGC-20,2,20,1000000
98000152,O,1998-07-08,LGC-20,,40,2000000
98000153,I,1998-06-23,MS-6116,5,20,3260000
98000153,O,1998-07-08,MS-6116,,40,6520000
98000154,I,1998-06-23,P2-350,4,20,4460000
98000154,O,1998-07-08,P2-350,,40,8920000
98000155,I,1998-06-23,SAM-32M,1,40,1440000
98000155,O,1998-07-08,SAM-32M,,80,2880000
98000156,I,1998-06-23,SIC-621,9,20,1140000
98000156,O,1998-07-08,SIC-621,,40,2280000
98000157,I,1998-06-23,SV0322A,1,20,2360000
98000157,O,1998-07-08,SV0322A,,40,4720000
98000158,I,1998-06-23,TY-FDD,3,20,400000
98000158,O,1998-07-08,TY-FDD,,40,800000
98000159,I,1998-06-23,KK-UO77,3,20,300000
98000159,O,1998-07-08,KK-UO77,,40,600000
98000160,I,1998-06-23,MO-K77,3,20,600000
98000160,O,1998-07-08,MO-K77,,40,1200000
98000161,I,1998-06-23,SM-15,1,20,4000000
98000161,O,1998-07-08,SM-15,,40,8000000
98000162,I,1998-07-06,ERASE-16,10,50,12850000
98000162,O,1998-07-15,ERASE-16,,50,12850000
98000163,I,1998-07-06,LGC-20,2,50,2500000
98000163,O,1998-07-15,LGC-20,,50,2500000
98000164,I,1998-07-06,MS-6116,5,50,8150000
98000164,O,1998-07-15,MS-6116,,50,8150000
98000165,I,1998-07-06,SB-PCI64,11,50,2850000
98000165,O,1998-07-15,SB-PCI64,,50,2850000
98000166,I,1998-07-06,WING-56K1,7,50,2150000
98000166,O,1998-07-15,WING-56K1,,50,2150000
98000167,I,1998-07-06,P2-400,4,50,11900000
98000167,O,1998-07-15,P2-400,,50,11900000
98000168,I,1998-07-06,SAM-32M,1,100,3600000
98000168,O,1998-07-15,SAM-32M,,100,3600000
98000169,I,1998-07-06,SIC-621,9,50,2850000
98000169,O,1998-07-15,SIC-621,,50,2850000
98000170,I,1998-07-06,SV0322A,1,50,5900000
98000170,O,1998-07-15,SV0322A,,50,5900000
98000171,I,1998-07-06,TY-FDD,3,50,1000000
98000171,O,1998-07-15,TY-FDD,,50,1000000
98000172,I,1998-07-06,HPP-692K,6,50,9250000
98000172,O,1998-07-15,HPP-692K,,50,9250000
98000173,I,1998-07-06,KK-UO77,3,50,750000
98000173,O,1998-07-15,KK-UO77,,50,750000
98000174,I,1998-07-06,MO-K77,3,50,1500000
98000174,O,1998-07-15,MO-K77,,50,1500000
98000175,I,1998-07-06,SM-15,1,50,10000000
98000175,O,1998-07-15,SM-15,,50,10000000
98000176,I,1998-07-02,ERASE-32,10,80,21920000
98000176,O,1998-07-16,ERASE-32,,100,27400000
98000177,I,1998-07-02,LGC-20,2,80,4000000
98000177,O,1998-07-16,LGC-20,,100,5000000
98000178,I,1998-07-02,MS-6116,5,80,13040000
98000178,O,1998-07-16,MS-6116,,100,16300000
98000179,I,1998-07-02,P3-450,4,80,27760000
98000179,O,1998-07-16,P3-450,,100,34700000
98000180,I,1998-07-02,SAM-64M,1,160,13760000
98000180,O,1998-07-16,SAM-64M,,200,17200000
98000181,I,1998-07-02,SIC-630,9,80,4800000
98000181,O,1998-07-16,SIC-630,,100,6000000
98000182,I,1998-07-02,SV0322A,1,80,9440000
98000182,O,1998-07-16,SV0322A,,100,11800000
98000183,I,1998-07-02,TY-FDD,3,80,1600000
98000183,O,1998-07-16,TY-FDD,,100,2000000
98000184,I,1998-07-02,KK-UO77,3,80,1200000
98000184,O,1998-07-16,KK-UO77,,100,1500000
98000185,I,1998-07-02,MO-K77,3,80,2400000
98000185,O,1998-07-16,MO-K77,,100,3000000
98000186,I,1998-07-02,SM-17,1,80,54400000
98000186,O,1998-07-16,SM-17,,100,68000000
98000187,I,1998-07-20,ERASE-16,10,70,17990000
98000187,O,1998-08-06,ERASE-16,,50,12850000
98000188,I,1998-07-20,LGC-20,2,70,3500000
98000188,O,1998-08-06,LGC-20,,50,2500000
98000189,I,1998-07-20,MS-6116,5,70,11410000
98000189,O,1998-08-06,MS-6116,,50,8150000
98000190,I,1998-07-20,SB-PCI64,11,70,3990000
98000190,O,1998-08-06,SB-PCI64,,50,2850000
98000191,I,1998-07-20,WING-56K1,7,70,3010000
98000191,O,1998-08-06,WING-56K1,,50,2150000
98000192,I,1998-07-20,P2-400,4,70,16660000
98000192,O,1998-08-06,P2-400,,50,11900000
98000193,I,1998-07-20,SAM-32M,1,140,5040000
98000193,O,1998-08-06,SAM-32M,,100,3600000
98000194,I,1998-07-20,SIC-621,9,70,3990000
98000194,O,1998-08-06,SIC-621,,50,2850000
98000195,I,1998-07-20,SV0322A,1,70,8260000
98000195,O,1998-08-06,SV0322A,,50,5900000
98000196,I,1998-07-20,TY-FDD,3,70,1400000
98000196,O,1998-08-06,TY-FDD,,50,1000000
98000197,I,1998-07-20,HPP-692K,6,70,12950000
98000197,O,1998-08-06,HPP-692K,,50,9250000
98000198,I,1998-07-20,KK-UO77,3,70,1050000
98000198,O,1998-08-06,KK-UO77,,50,750000
98000199,I,1998-07-20,MO-K77,3,70,2100000
98000199,O,1998-08-06,MO-K77,,50,1500000
98000200,I,1998-07-20,SM-15,1,70,14000000
98000200,O,1998-08-06,SM-15,,50,10000000
98000201,I,1998-07-27,ERASE-32,10,120,32880000
98000201,O,1998-08-13,ERASE-32,,100,27400000
98000202,I,1998-07-27,LGC-20,2,120,6000000
98000202,O,1998-08-13,LGC-20,,100,5000000
98000203,I,1998-07-27,MS-6116,5,120,19560000
98000203,O,1998-08-13,MS-6116,,100,16300000
98000204,I,1998-07-27,SB-PCI128,11,120,9840000
98000204,O,1998-08-13,SB-PCI128,,100,8200000
98000205,I,1998-07-27,WING-56K1,7,120,5160000
98000205,O,1998-08-13,WING-56K1,,100,4300000
98000206,I,1998-07-27,P3-500,4,120,73800000
98000206,O,1998-08-13,P3-500,,100,61500000
98000207,I,1998-07-27,SAM-64M,1,240,20640000
98000207,O,1998-08-13,SAM-64M,,200,17200000
98000208,I,1998-07-27,SIC-630,9,120,7200000
98000208,O,1998-08-13,SIC-630,,100,6000000
98000209,I,1998-07-27,SV0322A,1,120,14160000
98000209,O,1998-08-13,SV0322A,,100,11800000
98000210,I,1998-07-27,TY-FDD,3,120,2400000
98000210,O,1998-08-13,TY-FDD,,100,2000000
98000211,I,1998-07-27,GT-9600,12,120,110400000
98000211,O,1998-08-13,GT-9600,,100,92000000
98000212,I,1998-07-27,HPP-1100L,6,120,61080000
98000212,O,1998-08-13,HPP-1100L,,100,50900000
98000213,I,1998-07-27,KK-UO77,3,120,1800000
98000213,O,1998-08-13,KK-UO77,,100,1500000
98000214,I,1998-07-27,MO-K77,3,120,3600000
98000214,O,1998-08-13,MO-K77,,100,3000000
98000215,I,1998-07-27,SM-17,1,120,81600000
98000215,O,1998-08-13,SM-17,,100,68000000
98000216,I,1998-09-03,ERASE-16,10,80,20560000
98000216,O,1998-09-11,ERASE-16,,100,25700000
98000217,I,1998-09-03,LGC-20,2,80,4000000
98000217,O,1998-09-11,LGC-20,,100,5000000
98000218,I,1998-09-03,MS-6116,5,80,13040000
98000218,O,1998-09-11,MS-6116,,100,16300000
98000219,I,1998-09-03,SB-PCI64,11,80,4560000
98000219,O,1998-09-11,SB-PCI64,,100,5700000
98000220,I,1998-09-03,WING-56K1,7,80,3440000
98000220,O,1998-09-11,WING-56K1,,100,4300000
98000221,I,1998-09-03,P2-400,4,80,19040000
98000221,O,1998-09-11,P2-400,,100,23800000
98000222,I,1998-09-03,SAM-32M,1,160,5760000
98000222,O,1998-09-11,SAM-32M,,200,7200000
98000223,I,1998-09-03,SIC-621,9,80,4560000
98000223,O,1998-09-11,SIC-621,,100,5700000
98000224,I,1998-09-03,SV0322A,1,80,9440000
98000224,O,1998-09-11,SV0322A,,100,11800000
98000225,I,1998-09-03,TY-FDD,3,80,1600000
98000225,O,1998-09-11,TY-FDD,,100,2000000
98000226,I,1998-09-03,HPP-692K,6,80,14800000
98000226,O,1998-09-11,HPP-692K,,100,18500000
98000227,I,1998-09-03,KK-UO77,3,80,1200000
98000227,O,1998-09-11,KK-UO77,,100,1500000
98000228,I,1998-09-03,MO-K77,3,80,2400000
98000228,O,1998-09-11,MO-K77,,100,3000000
98000229,I,1998-09-03,SM-15,1,80,16000000
98000229,O,1998-09-11,SM-15,,100,20000000
98000230,I,1998-09-03,ERASE-32,10,100,27400000
98000230,O,1998-09-18,ERASE-32,,100,27400000
98000231,I,1998-09-03,LGC-20,2,100,5000000
98000231,O,1998-09-18,LGC-20,,100,5000000
98000232,I,1998-09-03,MS-6116,5,100,16300000
98000232,O,1998-09-18,MS-6116,,100,16300000
98000233,I,1998-09-03,P3-450,4,100,34700000
98000233,O,1998-09-18,P3-450,,100,34700000
98000234,I,1998-09-03,SAM-64M,1,200,17200000
98000234,O,1998-09-18,SAM-64M,,200,17200000
98000235,I,1998-09-03,SIC-630,9,100,6000000
98000235,O,1998-09-18,SIC-630,,100,6000000
98000236,I,1998-09-03,SV0322A,1,100,11800000
98000236,O,1998-09-18,SV0322A,,100,11800000
98000237,I,1998-09-03,TY-FDD,3,100,2000000
98000237,O,1998-09-18,TY-FDD,,100,2000000
98000238,I,1998-09-03,KK-UO77,3,100,1500000
98000238,O,1998-09-18,KK-UO77,,100,1500000
98000239,I,1998-09-03,MO-K77,3,100,3000000
98000239,O,1998-09-18,MO-K77,,100,3000000
98000240,I,1998-09-03,SM-17,1,100,68000000
98000240,O,1998-09-18,SM-17,,100,68000000
98000241,I,1998-09-21,ERASE-16,10,40,10280000
98000241,O,1998-10-07,ERASE-16,,50,12850000
98000242,I,1998-09-21,LGC-20,2,40,2000000
98000242,O,1998-10-07,LGC-20,,50,2500000
98000243,I,1998-09-21,MS-6116,5,40,6520000
98000243,O,1998-10-07,MS-6116,,50,8150000
98000244,I,1998-09-21,P2-350,4,40,8920000
98000244,O,1998-10-07,P2-350,,50,11150000
98000245,I,1998-09-21,SAM-32M,1,80,2880000
98000245,O,1998-10-07,SAM-32M,,100,3600000
98000246,I,1998-09-21,SIC-621,9,40,2280000
98000246,O,1998-10-07,SIC-621,,50,2850000
98000247,I,1998-09-21,SV0322A,1,40,4720000
98000247,O,1998-10-07,SV0322A,,50,5900000
98000248,I,1998-09-21,TY-FDD,3,40,800000
98000248,O,1998-10-07,TY-FDD,,50,1000000
98000249,I,1998-09-21,KK-UO77,3,40,600000
98000249,O,1998-10-07,KK-UO77,,50,750000
98000250,I,1998-09-21,MO-K77,3,40,1200000
98000250,O,1998-10-07,MO-K77,,50,1500000
98000251,I,1998-09-21,SM-15,1,40,8000000
98000251,O,1998-10-07,SM-15,,50,10000000
98000252,I,1998-09-24,ERASE-16,10,10,2570000
98000252,O,1998-10-08,ERASE-16,,10,2570000
98000253,I,1998-09-24,LGC-20,2,10,500000
98000253,O,1998-10-08,LGC-20,,10,500000
98000254,I,1998-09-24,MS-6116,5,10,1630000
98000254,O,1998-10-08,MS-6116,,10,1630000
98000255,I,1998-09-24,SB-PCI64,11,10,570000
98000255,O,1998-10-08,SB-PCI64,,10,570000
98000256,I,1998-09-24,WING-56K1,7,10,430000
98000256,O,1998-10-08,WING-56K1,,10,430000
98000257,I,1998-09-24,P2-400,4,10,2380000
98000257,O,1998-10-08,P2-400,,10,2380000
98000258,I,1998-09-24,SAM-32M,1,20,720000
98000258,O,1998-10-08,SAM-32M,,20,720000
98000259,I,1998-09-24,SIC-621,9,10,570000
98000259,O,1998-10-08,SIC-621,,10,570000
98000260,I,1998-09-24,SV0322A,1,10,1180000
98000260,O,1998-10-08,SV0322A,,10,1180000
98000261,I,1998-09-24,TY-FDD,3,10,200000
98000261,O,1998-10-08,TY-FDD,,10,200000
98000262,I,1998-09-24,HPP-692K,6,10,1850000
98000262,O,1998-10-08,HPP-692K,,10,1850000
98000263,I,1998-09-24,KK-UO77,3,10,150000
98000263,O,1998-10-08,KK-UO77,,10,150000
98000264,I,1998-09-24,MO-K77,3,10,300000
98000264,O,1998-10-08,MO-K77,,10,300000
98000265,I,1998-09-24,SM-15,1,10,2000000
98000265,O,1998-10-08,SM-15,,10,2000000
98000266,I,1998-09-25,ERASE-32,10,90,24660000
98000266,O,1998-10-14,ERASE-32,,100,27400000
98000267,I,1998-09-25,LGC-20,2,90,4500000
98000267,O,1998-10-14,LGC-20,,100,5000000
98000268,I,1998-09-25,MS-6116,5,90,14670000
98000268,O,1998-10-14,MS-6116,,100,16300000
98000269,I,1998-09-25,P3-450,4,90,31230000
98000269,O,1998-10-14,P3-450,,100,34700000
98000270,I,1998-09-25,SAM-64M,1,180,15480000
98000270,O,1998-10-14,SAM-64M,,200,17200000
98000271,I,1998-09-25,SIC-630,9,90,5400000
98000271,O,1998-10-14,SIC-630,,100,6000000
98000272,I,1998-09-25,SV0322A,1,90,10620000
98000272,O,1998-10-14,SV0322A,,100,11800000
98000273,I,1998-09-25,TY-FDD,3,90,1800000
98000273,O,1998-10-14,TY-FDD,,100,2000000
98000274,I,1998-09-25,KK-UO77,3,90,1350000
98000274,O,1998-10-14,KK-UO77,,100,1500000
98000275,I,1998-09-25,MO-K77,3,90,2700000
98000275,O,1998-10-14,MO-K77,,100,3000000
98000276,I,1998-09-25,SM-17,1,90,61200000
98000276,O,1998-10-14,SM-17,,100,68000000
98000277,I,1998-10-02,ERASE-32,10,50,13700000
98000277,O,1998-10-16,ERASE-32,,50,13700000
98000278,I,1998-10-02,LGC-20,2,50,2500000
98000278,O,1998-10-16,LGC-20,,50,2500000
98000279,I,1998-10-02,MS-6116,5,50,8150000
98000279,O,1998-10-16,MS-6116,,50,8150000
98000280,I,1998-10-02,SB-PCI128,11,50,4100000
98000280,O,1998-10-16,SB-PCI128,,50,4100000
98000281,I,1998-10-02,WING-56K1,7,50,2150000
98000281,O,1998-10-16,WING-56K1,,50,2150000
98000282,I,1998-10-02,P3-500,4,50,30750000
98000282,O,1998-10-16,P3-500,,50,30750000
98000283,I,1998-10-02,SAM-64M,1,100,8600000
98000283,O,1998-10-16,SAM-64M,,100,8600000
98000284,I,1998-10-02,SIC-630,9,50,3000000
98000284,O,1998-10-16,SIC-630,,50,3000000
98000285,I,1998-10-02,SV0322A,1,50,5900000
98000285,O,1998-10-16,SV0322A,,50,5900000
98000286,I,1998-10-02,TY-FDD,3,50,1000000
98000286,O,1998-10-16,TY-FDD,,50,1000000
98000287,I,1998-10-02,GT-9600,12,50,46000000
98000287,O,1998-10-16,GT-9600,,50,46000000
98000288,I,1998-10-02,HPP-1100L,6,50,25450000
98000288,O,1998-10-16,HPP-1100L,,50,25450000
98000289,I,1998-10-02,KK-UO77,3,50,750000
98000289,O,1998-10-16,KK-UO77,,50,750000
98000290,I,1998-10-02,MO-K77,3,50,1500000
98000290,O,1998-10-16,MO-K77,,50,1500000
98000291,I,1998-10-02,SM-17,1,50,34000000
98000291,O,1998-10-16,SM-17,,50,34000000
98000292,I,1998-10-30,ERASE-16,10,100,25700000
98000292,O,1998-11-06,ERASE-16,,50,12850000
98000293,I,1998-10-30,LGC-20,2,100,5000000
98000293,O,1998-11-06,LGC-20,,50,2500000
98000294,I,1998-10-30,MS-6116,5,100,16300000
98000294,O,1998-11-06,MS-6116,,50,8150000
98000295,I,1998-10-30,P2-350,4,100,22300000
98000295,O,1998-11-06,P2-350,,50,11150000
98000296,I,1998-10-30,SAM-32M,1,200,7200000
98000296,O,1998-11-06,SAM-32M,,100,3600000
98000297,I,1998-10-30,SIC-621,9,100,5700000
98000297,O,1998-11-06,SIC-621,,50,2850000
98000298,I,1998-10-30,SV0322A,1,100,11800000
98000298,O,1998-11-06,SV0322A,,50,5900000
98000299,I,1998-10-30,TY-FDD,3,100,2000000
98000299,O,1998-11-06,TY-FDD,,50,1000000
98000300,I,1998-10-30,KK-UO77,3,100,1500000
98000300,O,1998-11-06,KK-UO77,,50,750000
98000301,I,1998-10-30,MO-K77,3,100,3000000
98000301,O,1998-11-06,MO-K77,,50,1500000
98000302,I,1998-10-30,SM-15,1,100,20000000
98000302,O,1998-11-06,SM-15,,50,10000000
98000303,I,1998-11-03,ERASE-32,10,120,32880000
98000303,O,1998-11-10,ERASE-32,,100,27400000
98000304,I,1998-11-03,LGC-20,2,120,6000000
98000304,O,1998-11-10,LGC-20,,100,5000000
98000305,I,1998-11-03,MS-6116,5,120,19560000
98000305,O,1998-11-10,MS-6116,,100,16300000
98000306,I,1998-11-03,P3-450,4,120,41640000
98000306,O,1998-11-10,P3-450,,100,34700000
98000307,I,1998-11-03,SAM-64M,1,240,20640000
98000307,O,1998-11-10,SAM-64M,,200,17200000
98000308,I,1998-11-03,SIC-630,9,120,7200000
98000308,O,1998-11-10,SIC-630,,100,6000000
98000309,I,1998-11-03,SV0322A,1,120,14160000
98000309,O,1998-11-10,SV0322A,,100,11800000
98000310,I,1998-11-03,TY-FDD,3,120,2400000
98000310,O,1998-11-10,TY-FDD,,100,2000000
98000311,I,1998-11-03,KK-UO77,3,120,1800000
98000311,O,1998-11-10,KK-UO77,,100,1500000
98000312,I,1998-11-03,MO-K77,3,120,3600000
98000312,O,1998-11-10,MO-K77,,100,3000000
98000313,I,1998-11-03,SM-17,1,120,81600000
98000313,O,1998-11-10,SM-17,,100,68000000
98000314,I,1998-11-04,ERASE-32,10,30,8220000
98000314,O,1998-11-13,ERASE-32,,50,13700000
98000315,I,1998-11-04,LGC-20,2,30,1500000
98000315,O,1998-11-13,LGC-20,,50,2500000
98000316,I,1998-11-04,MS-6116,5,30,4890000
98000316,O,1998-11-13,MS-6116,,50,8150000
98000317,I,1998-11-04,SB-PCI128,11,30,2460000
98000317,O,1998-11-13,SB-PCI128,,50,4100000
98000318,I,1998-11-04,WING-56K1,7,30,1290000
98000318,O,1998-11-13,WING-56K1,,50,2150000
98000319,I,1998-11-04,P3-500,4,30,18450000
98000319,O,1998-11-13,P3-500,,50,30750000
98000320,I,1998-11-04,SAM-64M,1,60,5160000
98000320,O,1998-11-13,SAM-64M,,100,8600000
98000321,I,1998-11-04,SIC-630,9,30,1800000
98000321,O,1998-11-13,SIC-630,,50,3000000
98000322,I,1998-11-04,SV0322A,1,30,3540000
98000322,O,1998-11-13,SV0322A,,50,5900000
98000323,I,1998-11-04,TY-FDD,3,30,600000
98000323,O,1998-11-13,TY-FDD,,50,1000000
98000324,I,1998-11-04,GT-9600,12,30,27600000
98000324,O,1998-11-13,GT-9600,,50,46000000
98000325,I,1998-11-04,HPP-1100L,6,30,15270000
98000325,O,1998-11-13,HPP-1100L,,50,25450000
98000326,I,1998-11-04,KK-UO77,3,30,450000
98000326,O,1998-11-13,KK-UO77,,50,750000
98000327,I,1998-11-04,MO-K77,3,30,900000
98000327,O,1998-11-13,MO-K77,,50,1500000
98000328,I,1998-11-04,SM-17,1,30,20400000
98000328,O,1998-11-13,SM-17,,50,34000000
98000329,I,1998-11-25,ERASE-32,10,60,16440000
98000329,O,1998-12-04,ERASE-32,,50,13700000
98000330,I,1998-11-25,LGC-20,2,60,3000000
98000330,O,1998-12-04,LGC-20,,50,2500000
98000331,I,1998-11-25,MS-6116,5,60,9780000
98000331,O,1998-12-04,MS-6116,,50,8150000
98000332,I,1998-11-25,SB-PCI128,11,60,4920000
98000332,O,1998-12-04,SB-PCI128,,50,4100000
98000333,I,1998-11-25,WING-56K1,7,60,2580000
98000333,O,1998-12-04,WING-56K1,,50,2150000
98000334,I,1998-11-25,P3-500,4,60,36900000
98000334,O,1998-12-04,P3-500,,50,30750000
98000335,I,1998-11-25,SAM-64M,1,120,10320000
98000335,O,1998-12-04,SAM-64M,,100,8600000
98000336,I,1998-11-25,SIC-630,9,60,3600000
98000336,O,1998-12-04,SIC-630,,50,3000000
98000337,I,1998-11-25,SV0322A,1,60,7080000
98000337,O,1998-12-04,SV0322A,,50,5900000
98000338,I,1998-11-25,TY-FDD,3,60,1200000
98000338,O,1998-12-04,TY-FDD,,50,1000000
98000339,I,1998-11-25,GT-9600,12,60,55200000
98000339,O,1998-12-04,GT-9600,,50,46000000
98000340,I,1998-11-25,HPP-1100L,6,60,30540000
98000340,O,1998-12-04,HPP-1100L,,50,25450000
98000341,I,1998-11-25,KK-UO77,3,60,900000
98000341,O,1998-12-04,KK-UO77,,50,750000
98000342,I,1998-11-25,MO-K77,3,60,1800000
98000342,O,1998-12-04,MO-K77,,50,1500000
98000343,I,1998-11-25,SM-17,1,60,40800000
98000343,O,1998-12-04,SM-17,,50,34000000
99000001,I,1998-12-28,ERASE-16,10,100,25700000
99000001,O,1999-01-05,ERASE-16,,60,15420000
99000002,I,1998-12-28,LGC-20,2,100,5000000
99000002,O,1999-01-05,LGC-20,,60,3000000
99000003,I,1998-12-28,MS-6116,5,100,16300000
99000003,O,1999-01-05,MS-6116,,60,9780000
99000004,I,1998-12-28,P2-350,4,100,22300000
99000004,O,1999-01-05,P2-350,,60,13380000
99000005,I,1998-12-28,SAM-32M,1,200,7200000
99000005,O,1999-01-05,SAM-32M,,120,4320000
99000006,I,1998-12-28,SIC-621,9,100,5700000
99000006,O,1999-01-05,SIC-621,,60,3420000
99000007,I,1998-12-28,SV0322A,1,100,11800000
99000007,O,1999-01-05,SV0322A,,60,7080000
99000008,I,1998-12-28,TY-FDD,3,100,2000000
99000008,O,1999-01-05,TY-FDD,,60,1200000
99000009,I,1998-12-28,KK-UO77,3,100,1500000
99000009,O,1999-01-05,KK-UO77,,60,900000
99000010,I,1998-12-28,MO-K77,3,100,3000000
99000010,O,1999-01-05,MO-K77,,60,1800000
99000011,I,1998-12-28,SM-15,1,100,20000000
99000011,O,1999-01-05,SM-15,,60,12000000
99000012,I,1998-12-29,ERASE-16,10,150,38550000
99000012,O,1999-01-07,ERASE-16,,100,25700000
99000013,I,1998-12-29,LGC-20,2,150,7500000
99000013,O,1999-01-07,LGC-20,,100,5000000
99000014,I,1998-12-29,MS-6116,5,150,24450000
99000014,O,1999-01-07,MS-6116,,100,16300000
99000015,I,1998-12-29,SB-PCI64,11,150,8550000
99000015,O,1999-01-07,SB-PCI64,,100,5700000
99000016,I,1998-12-29,WING-56K1,7,150,6450000
99000016,O,1999-01-07,WING-56K1,,100,4300000
99000017,I,1998-12-29,P2-400,4,150,35700000
99000017,O,1999-01-07,P2-400,,100,23800000
99000018,I,1998-12-29,SAM-32M,1,300,10800000
99000018,O,1999-01-07,SAM-32M,,200,7200000
99000019,I,1998-12-29,SIC-621,9,150,8550000
99000019,O,1999-01-07,SIC-621,,100,5700000
99000020,I,1998-12-29,SV0322A,1,150,17700000
99000020,O,1999-01-07,SV0322A,,100,11800000
99000021,I,1998-12-29,TY-FDD,3,150,3000000
99000021,O,1999-01-07,TY-FDD,,100,2000000
99000022,I,1998-12-29,HPP-692K,6,150,27750000
99000022,O,1999-01-07,HPP-692K,,100,18500000
99000023,I,1998-12-29,KK-UO77,3,150,2250000
99000023,O,1999-01-07,KK-UO77,,100,1500000
99000024,I,1998-12-29,MO-K77,3,150,4500000
99000024,O,1999-01-07,MO-K77,,100,3000000
99000025,I,1998-12-29,SM-15,1,150,30000000
99000025,O,1999-01-07,SM-15,,100,20000000
99000026,I,1998-12-30,ERASE-32,10,150,41100000
99000026,O,1999-01-08,ERASE-32,,100,27400000
99000027,I,1998-12-30,LGC-20,2,150,7500000
99000027,O,1999-01-08,LGC-20,,100,5000000
99000028,I,1998-12-30,MS-6116,5,150,24450000
99000028,O,1999-01-08,MS-6116,,100,16300000
99000029,I,1998-12-30,P3-450,4,150,52050000
99000029,O,1999-01-08,P3-450,,100,34700000
99000030,I,1998-12-30,SAM-64M,1,300,25800000
99000030,O,1999-01-08,SAM-64M,,200,17200000
99000031,I,1998-12-30,SIC-630,9,150,9000000
99000031,O,1999-01-08,SIC-630,,100,6000000
99000032,I,1998-12-30,SV0322A,1,150,17700000
99000032,O,1999-01-08,SV0322A,,100,11800000
99000033,I,1998-12-30,TY-FDD,3,150,3000000
99000033,O,1999-01-08,TY-FDD,,100,2000000
99000034,I,1998-12-30,KK-UO77,3,150,2250000
99000034,O,1999-01-08,KK-UO77,,100,1500000
99000035,I,1998-12-30,MO-K77,3,150,4500000
99000035,O,1999-01-08,MO-K77,,100,3000000
99000036,I,1998-12-30,SM-17,1,150,102000000
99000036,O,1999-01-08,SM-17,,100,68000000
99000037,I,1998-12-31,ERASE-32,10,150,41100000
99000037,O,1999-01-11,ERASE-32,,100,27400000
99000038,I,1998-12-31,LGC-20,2,150,7500000
99000038,O,1999-01-11,LGC-20,,100,5000000
99000039,I,1998-12-31,MS-6116,5,150,24450000
99000039,O,1999-01-11,MS-6116,,100,16300000
99000040,I,1998-12-31,SB-PCI128,11,150,12300000
99000040,O,1999-01-11,SB-PCI128,,100,8200000
99000041,I,1998-12-31,WING-56K1,7,150,6450000
99000041,O,1999-01-11,WING-56K1,,100,4300000
99000042,I,1998-12-31,P3-500,4,150,92250000
99000042,O,1999-01-11,P3-500,,100,61500000
99000043,I,1998-12-31,SAM-64M,1,300,25800000
99000043,O,1999-01-11,SAM-64M,,200,17200000
99000044,I,1998-12-31,SIC-630,9,150,9000000
99000044,O,1999-01-11,SIC-630,,100,6000000
99000045,I,1998-12-31,SV0322A,1,150,17700000
99000045,O,1999-01-11,SV0322A,,100,11800000
99000046,I,1998-12-31,TY-FDD,3,150,3000000
99000046,O,1999-01-11,TY-FDD,,100,2000000
99000047,I,1998-12-31,GT-9600,12,150,138000000
99000047,O,1999-01-11,GT-9600,,100,92000000
99000048,I,1998-12-31,HPP-1100L,6,150,76350000
99000048,O,1999-01-11,HPP-1100L,,100,50900000
99000049,I,1998-12-31,KK-UO77,3,150,2250000
99000049,O,1999-01-11,KK-UO77,,100,1500000
99000050,I,1998-12-31,MO-K77,3,150,4500000
99000050,O,1999-01-11,MO-K77,,100,3000000
99000051,I,1998-12-31,SM-17,1,150,102000000
99000051,O,1999-01-11,SM-17,,100,68000000
99000052,I,1999-01-14,ERASE-16,10,10,2570000
99000052,O,1999-02-02,ERASE-16,,50,12850000
99000053,I,1999-01-14,LGC-20,2,10,500000
99000053,O,1999-02-02,LGC-20,,50,2500000
99000054,I,1999-01-14,MS-6116,5,10,1630000
99000054,O,1999-02-02,MS-6116,,50,8150000
99000055,I,1999-01-14,P2-350,4,10,2230000
99000055,O,1999-02-02,P2-350,,50,11150000
99000056,I,1999-01-14,SAM-32M,1,20,720000
99000056,O,1999-02-02,SAM-32M,,100,3600000
99000057,I,1999-01-14,SIC-621,9,10,570000
99000057,O,1999-02-02,SIC-621,,50,2850000
99000058,I,1999-01-14,SV0322A,1,10,1180000
99000058,O,1999-02-02,SV0322A,,50,5900000
99000059,I,1999-01-14,TY-FDD,3,10,200000
99000059,O,1999-02-02,TY-FDD,,50,1000000
99000060,I,1999-01-14,KK-UO77,3,10,150000
99000060,O,1999-02-02,KK-UO77,,50,750000
99000061,I,1999-01-14,MO-K77,3,10,300000
99000061,O,1999-02-02,MO-K77,,50,1500000
99000062,I,1999-01-14,SM-15,1,10,2000000
99000062,O,1999-02-02,SM-15,,50,10000000
99000063,I,1999-01-20,ERASE-16,10,70,17990000
99000063,O,1999-02-05,ERASE-16,,80,20560000
99000064,I,1999-01-20,LGC-20,2,70,3500000
99000064,O,1999-02-05,LGC-20,,80,4000000
99000065,I,1999-01-20,MS-6116,5,70,11410000
99000065,O,1999-02-05,MS-6116,,80,13040000
99000066,I,1999-01-20,SB-PCI64,11,70,3990000
99000066,O,1999-02-05,SB-PCI64,,80,4560000
99000067,I,1999-01-20,WING-56K1,7,70,3010000
99000067,O,1999-02-05,WING-56K1,,80,3440000
99000068,I,1999-01-20,P2-400,4,70,16660000
99000068,O,1999-02-05,P2-400,,80,19040000
99000069,I,1999-01-20,SAM-32M,1,140,5040000
99000069,O,1999-02-05,SAM-32M,,160,5760000
99000070,I,1999-01-20,SIC-621,9,70,3990000
99000070,O,1999-02-05,SIC-621,,80,4560000
99000071,I,1999-01-20,SV0322A,1,70,8260000
99000071,O,1999-02-05,SV0322A,,80,9440000
99000072,I,1999-01-20,TY-FDD,3,70,1400000
99000072,O,1999-02-05,TY-FDD,,80,1600000
99000073,I,1999-01-20,HPP-692K,6,70,12950000
99000073,O,1999-02-05,HPP-692K,,80,14800000
99000074,I,1999-01-20,KK-UO77,3,70,1050000
99000074,O,1999-02-05,KK-UO77,,80,1200000
99000075,I,1999-01-20,MO-K77,3,70,2100000
99000075,O,1999-02-05,MO-K77,,80,2400000
99000076,I,1999-01-20,SM-15,1,70,14000000
99000076,O,1999-02-05,SM-15,,80,16000000
99000077,I,1999-01-28,ERASE-32,10,80,21920000
99000077,O,1999-02-08,ERASE-32,,100,27400000
99000078,I,1999-01-28,LGC-20,2,80,4000000
99000078,O,1999-02-08,LGC-20,,100,5000000
99000079,I,1999-01-28,MS-6116,5,80,13040000
99000079,O,1999-02-08,MS-6116,,100,16300000
99000080,I,1999-01-28,P3-450,4,80,27760000
99000080,O,1999-02-08,P3-450,,100,34700000
99000081,I,1999-01-28,SAM-64M,1,160,13760000
99000081,O,1999-02-08,SAM-64M,,200,17200000
99000082,I,1999-01-28,SIC-630,9,80,4800000
99000082,O,1999-02-08,SIC-630,,100,6000000
99000083,I,1999-01-28,SV0322A,1,80,9440000
99000083,O,1999-02-08,SV0322A,,100,11800000
99000084,I,1999-01-28,TY-FDD,3,80,1600000
99000084,O,1999-02-08,TY-FDD,,100,2000000
99000085,I,1999-01-28,KK-UO77,3,80,1200000
99000085,O,1999-02-08,KK-UO77,,100,1500000
99000086,I,1999-01-28,MO-K77,3,80,2400000
99000086,O,1999-02-08,MO-K77,,100,3000000
99000087,I,1999-01-28,SM-17,1,80,54400000
99000087,O,1999-02-08,SM-17,,100,68000000
99000088,I,1999-02-04,ERASE-32,10,150,41100000
99000088,O,1999-02-09,ERASE-32,,100,27400000
99000089,I,1999-02-04,LGC-20,2,150,7500000
99000089,O,1999-02-09,LGC-20,,100,5000000
99000090,I,1999-02-04,MS-6116,5,150,24450000
99000090,O,1999-02-09,MS-6116,,100,16300000
99000091,I,1999-02-04,SB-PCI128,11,150,12300000
99000091,O,1999-02-09,SB-PCI128,,100,8200000
99000092,I,1999-02-04,WING-56K1,7,150,6450000
99000092,O,1999-02-09,WING-56K1,,100,4300000
99000093,I,1999-02-04,P3-500,4,150,92250000
99000093,O,1999-02-09,P3-500,,100,61500000
99000094,I,1999-02-04,SAM-64M,1,300,25800000
99000094,O,1999-02-09,SAM-64M,,200,17200000
99000095,I,1999-02-04,SIC-630,9,150,9000000
99000095,O,1999-02-09,SIC-630,,100,6000000
99000096,I,1999-02-04,SV0322A,1,150,17700000
99000096,O,1999-02-09,SV0322A,,100,11800000
99000097,I,1999-02-04,TY-FDD,3,150,3000000
99000097,O,1999-02-09,TY-FDD,,100,2000000
99000098,I,1999-02-04,GT-9600,12,150,138000000
99000098,O,1999-02-09,GT-9600,,100,92000000
99000099,I,1999-02-04,HPP-1100L,6,150,76350000
99000099,O,1999-02-09,HPP-1100L,,100,50900000
99000100,I,1999-02-04,KK-UO77,3,150,2250000
99000100,O,1999-02-09,KK-UO77,,100,1500000
99000101,I,1999-02-04,MO-K77,3,150,4500000
99000101,O,1999-02-09,MO-K77,,100,3000000
99000102,I,1999-02-04,SM-17,1,150,102000000
99000102,O,1999-02-09,SM-17,,100,68000000
99000103,I,1999-03-02,ERASE-16,10,60,15420000
99000103,O,1999-03-08,ERASE-16,,80,20560000
99000104,I,1999-03-02,LGC-20,2,60,3000000
99000104,O,1999-03-08,LGC-20,,80,4000000
99000105,I,1999-03-02,MS-6116,5,60,9780000
99000105,O,1999-03-08,MS-6116,,80,13040000
99000106,I,1999-03-02,SB-PCI64,11,60,3420000
99000106,O,1999-03-08,SB-PCI64,,80,4560000
99000107,I,1999-03-02,WING-56K1,7,60,2580000
99000107,O,1999-03-08,WING-56K1,,80,3440000
99000108,I,1999-03-02,P2-400,4,60,14280000
99000108,O,1999-03-08,P2-400,,80,19040000
99000109,I,1999-03-02,SAM-32M,1,120,4320000
99000109,O,1999-03-08,SAM-32M,,160,5760000
99000110,I,1999-03-02,SIC-621,9,60,3420000
99000110,O,1999-03-08,SIC-621,,80,4560000
99000111,I,1999-03-02,SV0322A,1,60,7080000
99000111,O,1999-03-08,SV0322A,,80,9440000
99000112,I,1999-03-02,TY-FDD,3,60,1200000
99000112,O,1999-03-08,TY-FDD,,80,1600000
99000113,I,1999-03-02,HPP-692K,6,60,11100000
99000113,O,1999-03-08,HPP-692K,,80,14800000
99000114,I,1999-03-02,KK-UO77,3,60,900000
99000114,O,1999-03-08,KK-UO77,,80,1200000
99000115,I,1999-03-02,MO-K77,3,60,1800000
99000115,O,1999-03-08,MO-K77,,80,2400000
99000116,I,1999-03-02,SM-15,1,60,12000000
99000116,O,1999-03-08,SM-15,,80,16000000
99000117,I,1999-03-03,ERASE-32,10,70,19180000
99000117,O,1999-03-09,ERASE-32,,80,21920000
99000118,I,1999-03-03,LGC-20,2,70,3500000
99000118,O,1999-03-09,LGC-20,,80,4000000
99000119,I,1999-03-03,MS-6116,5,70,11410000
99000119,O,1999-03-09,MS-6116,,80,13040000
99000120,I,1999-03-03,P3-450,4,70,24290000
99000120,O,1999-03-09,P3-450,,80,27760000
99000121,I,1999-03-03,SAM-64M,1,140,12040000
99000121,O,1999-03-09,SAM-64M,,160,13760000
99000122,I,1999-03-03,SIC-630,9,70,4200000
99000122,O,1999-03-09,SIC-630,,80,4800000
99000123,I,1999-03-03,SV0322A,1,70,8260000
99000123,O,1999-03-09,SV0322A,,80,9440000
99000124,I,1999-03-03,TY-FDD,3,70,1400000
99000124,O,1999-03-09,TY-FDD,,80,1600000
99000125,I,1999-03-03,KK-UO77,3,70,1050000
99000125,O,1999-03-09,KK-UO77,,80,1200000
99000126,I,1999-03-03,MO-K77,3,70,2100000
99000126,O,1999-03-09,MO-K77,,80,2400000
99000127,I,1999-03-03,SM-17,1,70,47600000
99000127,O,1999-03-09,SM-17,,80,54400000
99000128,I,1999-03-04,ERASE-32,10,100,27400000
99000128,O,1999-03-10,ERASE-32,,100,27400000
99000129,I,1999-03-04,LGC-20,2,100,5000000
99000129,O,1999-03-10,LGC-20,,100,5000000
99000130,I,1999-03-04,MS-6116,5,100,16300000
99000130,O,1999-03-10,MS-6116,,100,16300000
99000131,I,1999-03-04,SB-PCI128,11,100,8200000
99000131,O,1999-03-10,SB-PCI128,,100,8200000
99000132,I,1999-03-04,WING-56K1,7,100,4300000
99000132,O,1999-03-10,WING-56K1,,100,4300000
99000133,I,1999-03-04,P3-500,4,100,61500000
99000133,O,1999-03-10,P3-500,,100,61500000
99000134,I,1999-03-04,SAM-64M,1,200,17200000
99000134,O,1999-03-10,SAM-64M,,200,17200000
99000135,I,1999-03-04,SIC-630,9,100,6000000
99000135,O,1999-03-10,SIC-630,,100,6000000
99000136,I,1999-03-04,SV0322A,1,100,11800000
99000136,O,1999-03-10,SV0322A,,100,11800000
99000137,I,1999-03-04,TY-FDD,3,100,2000000
99000137,O,1999-03-10,TY-FDD,,100,2000000
99000138,I,1999-03-04,GT-9600,12,100,92000000
99000138,O,1999-03-10,GT-9600,,100,92000000
99000139,I,1999-03-04,HPP-1100L,6,100,50900000
99000139,O,1999-03-10,HPP-1100L,,100,50900000
99000140,I,1999-03-04,KK-UO77,3,100,1500000
99000140,O,1999-03-10,KK-UO77,,100,1500000
99000141,I,1999-03-04,MO-K77,3,100,3000000
99000141,O,1999-03-10,MO-K77,,100,3000000
99000142,I,1999-03-04,SM-17,1,100,68000000
99000142,O,1999-03-10,SM-17,,100,68000000
99000143,I,1999-03-30,ERASE-16,10,100,25700000
99000143,O,1999-04-06,ERASE-16,,80,20560000
99000144,I,1999-03-30,LGC-20,2,100,5000000
99000144,O,1999-04-06,LGC-20,,80,4000000
99000145,I,1999-03-30,MS-6116,5,100,16300000
99000145,O,1999-04-06,MS-6116,,80,13040000
99000146,I,1999-03-30,SB-PCI64,11,100,5700000
99000146,O,1999-04-06,SB-PCI64,,80,4560000
99000147,I,1999-03-30,WING-56K1,7,100,4300000
99000147,O,1999-04-06,WING-56K1,,80,3440000
99000148,I,1999-03-30,P2-400,4,100,23800000
99000148,O,1999-04-06,P2-400,,80,19040000
99000149,I,1999-03-30,SAM-32M,1,200,7200000
99000149,O,1999-04-06,SAM-32M,,160,5760000
99000150,I,1999-03-30,SIC-621,9,100,5700000
99000150,O,1999-04-06,SIC-621,,80,4560000
99000151,I,1999-03-30,SV0322A,1,100,11800000
99000151,O,1999-04-06,SV0322A,,80,9440000
99000152,I,1999-03-30,TY-FDD,3,100,2000000
99000152,O,1999-04-06,TY-FDD,,80,1600000
99000153,I,1999-03-30,HPP-692K,6,100,18500000
99000153,O,1999-04-06,HPP-692K,,80,14800000
99000154,I,1999-03-30,KK-UO77,3,100,1500000
99000154,O,1999-04-06,KK-UO77,,80,1200000
99000155,I,1999-03-30,MO-K77,3,100,3000000
99000155,O,1999-04-06,MO-K77,,80,2400000
99000156,I,1999-03-30,SM-15,1,100,20000000
99000156,O,1999-04-06,SM-15,,80,16000000
99000157,I,1999-03-31,ERASE-32,10,90,24660000
99000157,O,1999-04-07,ERASE-32,,100,27400000
99000158,I,1999-03-31,LGC-20,2,90,4500000
99000158,O,1999-04-07,LGC-20,,100,5000000
99000159,I,1999-03-31,MS-6116,5,90,14670000
99000159,O,1999-04-07,MS-6116,,100,16300000
99000160,I,1999-03-31,P3-450,4,90,31230000
99000160,O,1999-04-07,P3-450,,100,34700000
99000161,I,1999-03-31,SAM-64M,1,180,15480000
99000161,O,1999-04-07,SAM-64M,,200,17200000
99000162,I,1999-03-31,SIC-630,9,90,5400000
99000162,O,1999-04-07,SIC-630,,100,6000000
99000163,I,1999-03-31,SV0322A,1,90,10620000
99000163,O,1999-04-07,SV0322A,,100,11800000
99000164,I,1999-03-31,TY-FDD,3,90,1800000
99000164,O,1999-04-07,TY-FDD,,100,2000000
99000165,I,1999-03-31,KK-UO77,3,90,1350000
99000165,O,1999-04-07,KK-UO77,,100,1500000
99000166,I,1999-03-31,MO-K77,3,90,2700000
99000166,O,1999-04-07,MO-K77,,100,3000000
99000167,I,1999-03-31,SM-17,1,90,61200000
99000167,O,1999-04-07,SM-17,,100,68000000
99000168,I,1999-04-27,ERASE-16,10,80,20560000
99000168,O,1999-05-04,ERASE-16,,80,20560000
99000169,I,1999-04-27,LGC-20,2,80,4000000
99000169,O,1999-05-04,LGC-20,,80,4000000
99000170,I,1999-04-27,MS-6116,5,80,13040000
99000170,O,1999-05-04,MS-6116,,80,13040000
99000171,I,1999-04-27,SB-PCI64,11,80,4560000
99000171,O,1999-05-04,SB-PCI64,,80,4560000
99000172,I,1999-04-27,WING-56K1,7,80,3440000
99000172,O,1999-05-04,WING-56K1,,80,3440000
99000173,I,1999-04-27,P2-400,4,80,19040000
99000173,O,1999-05-04,P2-400,,80,19040000
99000174,I,1999-04-27,SAM-32M,1,160,5760000
99000174,O,1999-05-04,SAM-32M,,160,5760000
99000175,I,1999-04-27,SIC-621,9,80,4560000
99000175,O,1999-05-04,SIC-621,,80,4560000
99000176,I,1999-04-27,SV0322A,1,80,9440000
99000176,O,1999-05-04,SV0322A,,80,9440000
99000177,I,1999-04-27,TY-FDD,3,80,1600000
99000177,O,1999-05-04,TY-FDD,,80,1600000
99000178,I,1999-04-27,HPP-692K,6,80,14800000
99000178,O,1999-05-04,HPP-692K,,80,14800000
99000179,I,1999-04-27,KK-UO77,3,80,1200000
99000179,O,1999-05-04,KK-UO77,,80,1200000
99000180,I,1999-04-27,MO-K77,3,80,2400000
99000180,O,1999-05-04,MO-K77,,80,2400000
99000181,I,1999-04-27,SM-15,1,80,16000000
99000181,O,1999-05-04,SM-15,,80,16000000
99000182,I,1999-06-02,ERASE-16,10,10,2570000
99000182,O,1999-06-09,ERASE-16,,40,10280000
99000183,I,1999-06-02,LGC-20,2,10,500000
99000183,O,1999-06-09,LGC-20,,40,2000000
99000184,I,1999-06-02,MS-6116,5,10,1630000
99000184,O,1999-06-09,MS-6116,,40,6520000
99000185,I,1999-06-02,SB-PCI64,11,10,570000
99000185,O,1999-06-09,SB-PCI64,,40,2280000
99000186,I,1999-06-02,WING-56K1,7,10,430000
99000186,O,1999-06-09,WING-56K1,,40,1720000
99000187,I,1999-06-02,P2-400,4,10,2380000
99000187,O,1999-06-09,P2-400,,40,9520000
99000188,I,1999-06-02,SAM-32M,1,20,720000
99000188,O,1999-06-09,SAM-32M,,80,2880000
99000189,I,1999-06-02,SIC-621,9,10,570000
99000189,O,1999-06-09,SIC-621,,40,2280000
99000190,I,1999-06-02,SV0322A,1,10,1180000
99000190,O,1999-06-09,SV0322A,,40,4720000
99000191,I,1999-06-02,TY-FDD,3,10,200000
99000191,O,1999-06-09,TY-FDD,,40,800000
99000192,I,1999-06-02,HPP-692K,6,10,1850000
99000192,O,1999-06-09,HPP-692K,,40,7400000
99000193,I,1999-06-02,KK-UO77,3,10,150000
99000193,O,1999-06-09,KK-UO77,,40,600000
99000194,I,1999-06-02,MO-K77,3,10,300000
99000194,O,1999-06-09,MO-K77,,40,1200000
99000195,I,1999-06-02,SM-15,1,10,2000000
99000195,O,1999-06-09,SM-15,,40,8000000
99000196,I,1999-06-04,ERASE-32,10,100,27400000
99000196,O,1999-06-11,ERASE-32,,100,27400000
99000197,I,1999-06-04,LGC-20,2,100,5000000
99000197,O,1999-06-11,LGC-20,,100,5000000
99000198,I,1999-06-04,MS-6116,5,100,16300000
99000198,O,1999-06-11,MS-6116,,100,16300000
99000199,I,1999-06-04,SB-PCI128,11,100,8200000
99000199,O,1999-06-11,SB-PCI128,,100,8200000
99000200,I,1999-06-04,WING-56K1,7,100,4300000
99000200,O,1999-06-11,WING-56K1,,100,4300000
99000201,I,1999-06-04,P3-500,4,100,61500000
99000201,O,1999-06-11,P3-500,,100,61500000
99000202,I,1999-06-04,SAM-64M,1,200,17200000
99000202,O,1999-06-11,SAM-64M,,200,17200000
99000203,I,1999-06-04,SIC-630,9,100,6000000
99000203,O,1999-06-11,SIC-630,,100,6000000
99000204,I,1999-06-04,SV0322A,1,100,11800000
99000204,O,1999-06-11,SV0322A,,100,11800000
99000205,I,1999-06-04,TY-FDD,3,100,2000000
99000205,O,1999-06-11,TY-FDD,,100,2000000
99000206,I,1999-06-04,GT-9600,12,100,92000000
99000206,O,1999-06-11,GT-9600,,100,92000000
99000207,I,1999-06-04,HPP-1100L,6,100,50900000
99000207,O,1999-06-11,HPP-1100L,,100,50900000
99000208,I,1999-06-04,KK-UO77,3,100,1500000
99000208,O,1999-06-11,KK-UO77,,100,1500000
99000209,I,1999-06-04,MO-K77,3,100,3000000
99000209,O,1999-06-11,MO-K77,,100,3000000
99000210,I,1999-06-04,SM-17,1,100,68000000
99000210,O,1999-06-11,SM-17,,100,68000000
99000211,I,1999-07-01,ERASE-16,10,30,7710000
99000211,O,1999-07-07,ERASE-16,,40,10280000
99000212,I,1999-07-01,LGC-20,2,30,1500000
99000212,O,1999-07-07,LGC-20,,40,2000000
99000213,I,1999-07-01,MS-6116,5,30,4890000
99000213,O,1999-07-07,MS-6116,,40,6520000
99000214,I,1999-07-01,SB-PCI64,11,30,1710000
99000214,O,1999-07-07,SB-PCI64,,40,2280000
99000215,I,1999-07-01,WING-56K1,7,30,1290000
99000215,O,1999-07-07,WING-56K1,,40,1720000
99000216,I,1999-07-01,P2-400,4,30,7140000
99000216,O,1999-07-07,P2-400,,40,9520000
99000217,I,1999-07-01,SAM-32M,1,60,2160000
99000217,O,1999-07-07,SAM-32M,,80,2880000
99000218,I,1999-07-01,SIC-621,9,30,1710000
99000218,O,1999-07-07,SIC-621,,40,2280000
99000219,I,1999-07-01,SV0322A,1,30,3540000
99000219,O,1999-07-07,SV0322A,,40,4720000
99000220,I,1999-07-01,TY-FDD,3,30,600000
99000220,O,1999-07-07,TY-FDD,,40,800000
99000221,I,1999-07-01,HPP-692K,6,30,5550000
99000221,O,1999-07-07,HPP-692K,,40,7400000
99000222,I,1999-07-01,KK-UO77,3,30,450000
99000222,O,1999-07-07,KK-UO77,,40,600000
99000223,I,1999-07-01,MO-K77,3,30,900000
99000223,O,1999-07-07,MO-K77,,40,1200000
99000224,I,1999-07-01,SM-15,1,30,6000000
99000224,O,1999-07-07,SM-15,,40,8000000
99000225,I,1999-08-03,ERASE-16,10,20,5140000
99000225,O,1999-08-10,ERASE-16,,20,5140000
99000226,I,1999-08-03,LGC-20,2,20,1000000
99000226,O,1999-08-10,LGC-20,,20,1000000
99000227,I,1999-08-03,MS-6116,5,20,3260000
99000227,O,1999-08-10,MS-6116,,20,3260000
99000228,I,1999-08-03,SB-PCI64,11,20,1140000
99000228,O,1999-08-10,SB-PCI64,,20,1140000
99000229,I,1999-08-03,WING-56K1,7,20,860000
99000229,O,1999-08-10,WING-56K1,,20,860000
99000230,I,1999-08-03,P2-400,4,20,4760000
99000230,O,1999-08-10,P2-400,,20,4760000
99000231,I,1999-08-03,SAM-32M,1,40,1440000
99000231,O,1999-08-10,SAM-32M,,40,1440000
99000232,I,1999-08-03,SIC-621,9,20,1140000
99000232,O,1999-08-10,SIC-621,,20,1140000
99000233,I,1999-08-03,SV0322A,1,20,2360000
99000233,O,1999-08-10,SV0322A,,20,2360000
99000234,I,1999-08-03,TY-FDD,3,20,400000
99000234,O,1999-08-10,TY-FDD,,20,400000
99000235,I,1999-08-03,HPP-692K,6,20,3700000
99000235,O,1999-08-10,HPP-692K,,20,3700000
99000236,I,1999-08-03,KK-UO77,3,20,300000
99000236,O,1999-08-10,KK-UO77,,20,300000
99000237,I,1999-08-03,MO-K77,3,20,600000
99000237,O,1999-08-10,MO-K77,,20,600000
99000238,I,1999-08-03,SM-15,1,20,4000000
99000238,O,1999-08-10,SM-15,,20,4000000
